,Trial,Distance_KM,Dijkstra_Visited,AStar_Visited,Efficiency_Gain_Percent,Time_AStar_MS,Dijkstra_Factor,AStar_Factor
count,1000.0,1000.0,1000.0,1000.0,1000.0,1000.0,1000.0,1000.0
mean,499.5,26.564287174999997,162862.405,41203.929,78.1332122,70.8177048,6395.8630435317555,1393.2207809710535
std,288.8194360957494,15.92218964858468,91897.22489612286,40081.19592443184,11.702504915991275,86.41013489197194,2628.7575794682434,871.6486714846126
min,0.0,0.531271,126.0,20.0,25.4385,0.0257,212.27702488695408,37.06424244057928
25%,249.75,14.254175,79947.5,10970.75,72.087225,14.547450000000001,4573.638548611673,678.6457297841073
50%,499.5,23.8872,166725.0,28923.5,79.49355,41.8582,6537.661730180888,1327.3166024937705
75%,749.25,36.417699999999996,244138.0,59154.75,86.431875,97.07695,8442.945615599114,2000.8252746892426
max,999.0,91.062,314335.0,230214.0,98.2666,1168.92,12034.27559767504,4866.122960766534
